rank,strategy,parameters,episodes,mean_rounds
1,bust_probability,max_probability=0.220000,100000,10.63386
2,bust_probability,max_probability=0.210000,100000,10.64154
3,bust_probability,max_probability=0.230000,100000,10.65168
4,bust_probability,max_probability=0.200000,100000,10.67192
5,bust_probability,max_probability=0.240000,100000,10.71147
6,card_sum,target_score=25,100000,11.21075
7,hybrid,target_score=25;target_unique=7,100000,11.21075
8,card_sum,target_score=26,100000,11.2111
9,hybrid,target_score=26;target_unique=7,100000,11.2111
10,hybrid,target_score=25;target_unique=6,100000,11.21141
11,hybrid,target_score=26;target_unique=6,100000,11.21207
12,hybrid,target_score=25;target_unique=5,100000,11.21626
13,hybrid,target_score=26;target_unique=5,100000,11.21804
14,card_sum,target_score=27,100000,11.24518
15,hybrid,target_score=27;target_unique=7,100000,11.24518
16,hybrid,target_score=27;target_unique=6,100000,11.24674
17,hybrid,target_score=27;target_unique=5,100000,11.25062
18,card_sum,target_score=24,100000,11.27209
19,hybrid,target_score=24;target_unique=7,100000,11.27209
20,hybrid,target_score=24;target_unique=6,100000,11.27258
21,hybrid,target_score=26;target_unique=4,100000,11.27441
22,hybrid,target_score=24;target_unique=5,100000,11.27611
23,hybrid,target_score=25;target_unique=4,100000,11.27805
24,hybrid,target_score=27;target_unique=4,100000,11.28835
25,card_sum,target_score=23,100000,11.30483
26,hybrid,target_score=23;target_unique=7,100000,11.30483
27,hybrid,target_score=23;target_unique=6,100000,11.3051
28,hybrid,target_score=23;target_unique=5,100000,11.30811
29,card_sum,target_score=28,100000,11.31609
30,hybrid,target_score=28;target_unique=7,100000,11.31609
31,hybrid,target_score=28;target_unique=6,100000,11.3182
32,hybrid,target_score=28;target_unique=5,100000,11.3207
33,hybrid,target_score=24;target_unique=4,100000,11.32967
34,hybrid,target_score=28;target_unique=4,100000,11.34992
35,hybrid,target_score=23;target_unique=4,100000,11.35005
36,card_sum,target_score=29,100000,11.3647
37,card_sum,target_score=22,100000,11.37964
38,card_sum,target_score=30,100000,11.45585
39,card_sum,target_score=31,100000,11.57489
40,unique_number,target_unique=3,100000,11.59004
41,hybrid,target_score=28;target_unique=3,100000,11.64895
42,hybrid,target_score=27;target_unique=3,100000,11.65218
43,hybrid,target_score=26;target_unique=3,100000,11.67214
44,hybrid,target_score=25;target_unique=3,100000,11.6807
45,hybrid,target_score=24;target_unique=3,100000,11.72199
46,hybrid,target_score=23;target_unique=3,100000,11.7255
47,unique_number,target_unique=4,100000,11.89649
48,card_count,target_cards=4,100000,12.05616
49,card_count,target_cards=3,100000,12.34515
50,card_count,target_cards=5,100000,13.10946
