ruleset_version,strategy,parameters,target_score,episodes,seed_start,seed_end,mean_score,score_variance,mean_rounds,mean_actions,mean_cards_drawn,bust_rate,flip7_rate,finish_rate,target_reached_rate,end_point
flip7-solo-v1,"card_count","target_cards=3",200,100000,1000000,1099999,211.86973,68.2302797271,12.34515,42.27918,37.1107,0.203829844109,7.20930891889e-05,0.70079018886,1,target_score
flip7-solo-v1,"card_count","target_cards=4",200,100000,1000000,1099999,215.45738,112.414583536,12.05616,47.2934,45.00112,0.340150595214,0.000175843718066,0.540854633648,0.99996,mixed
flip7-solo-v1,"card_count","target_cards=5",200,100000,1000000,1099999,218.3456,202.24000064,13.10946,56.29263,56.51369,0.471422163842,0.00126320992627,0.388972543491,0.98869,mixed
flip7-solo-v1,"card_sum","target_score=22",200,100000,1000000,1099999,212.80335,71.2947387775,11.37964,41.65995,37.59773,0.227504560777,0.000294385411138,0.667212671051,1,target_score
flip7-solo-v1,"card_sum","target_score=23",200,100000,1000000,1099999,213.48256,76.9048558464,11.30483,42.19492,38.51824,0.245890473364,0.000354715639244,0.645431200646,1,target_score
flip7-solo-v1,"card_sum","target_score=24",200,100000,1000000,1099999,213.94518,84.3030547676,11.27209,42.91024,39.62345,0.266376510479,0.000443573463306,0.621445534945,1,target_score
flip7-solo-v1,"card_sum","target_score=25",200,100000,1000000,1099999,214.10261,88.0708211879,11.21075,43.29776,40.31103,0.28133621747,0.000562852619138,0.603866824254,1,target_score
flip7-solo-v1,"card_sum","target_score=26",200,100000,1000000,1099999,214.54231,89.5803898639,11.2111,43.91974,41.22381,0.297374923067,0.000718930345818,0.585195921899,1,target_score
flip7-solo-v1,"card_sum","target_score=27",200,100000,1000000,1099999,215.34207,94.6617781151,11.24518,44.67426,42.27988,0.314326671516,0.000884823542175,0.565331991129,1,target_score
flip7-solo-v1,"card_sum","target_score=28",200,100000,1000000,1099999,215.94856,104.218413926,11.31609,45.60252,43.53816,0.333280311486,0.001117877288,0.543096599621,0.99998,mixed
flip7-solo-v1,"card_sum","target_score=29",200,100000,1000000,1099999,216.14907,112.447248135,11.3647,46.43266,44.69707,0.35172243878,0.00140610838825,0.521631895255,0.99989,mixed
flip7-solo-v1,"card_sum","target_score=30",200,100000,1000000,1099999,216.24333,116.952760511,11.45585,47.42108,46.00971,0.371053217352,0.00175368916318,0.499635557379,0.99974,mixed
flip7-solo-v1,"card_sum","target_score=31",200,100000,1000000,1099999,216.75158,121.314847504,11.57489,48.53074,47.45621,0.39050911067,0.00220822832874,0.476783796649,0.99939,mixed
flip7-solo-v1,"bust_probability","max_probability=0.200000",200,100000,1000000,1099999,215.97408,178.626728154,10.67192,41.55367,38.34377,0.238607485813,0.00926449973388,0.637806505296,1,target_score
flip7-solo-v1,"bust_probability","max_probability=0.210000",200,100000,1000000,1099999,216.37948,184.07959493,10.64154,42.13198,39.26061,0.257129137324,0.00959729512834,0.615833798492,1,target_score
flip7-solo-v1,"bust_probability","max_probability=0.220000",200,100000,1000000,1099999,216.88583,191.565915211,10.63386,42.82647,40.31601,0.27738093223,0.010221123844,0.591664738862,1,target_score
flip7-solo-v1,"bust_probability","max_probability=0.230000",200,100000,1000000,1099999,217.41475,202.150072438,10.65168,43.5906,41.43108,0.297583104261,0.0107569885689,0.567766774819,0.99999,mixed
flip7-solo-v1,"bust_probability","max_probability=0.240000",200,100000,1000000,1099999,217.98803,210.940806719,10.71147,44.46163,42.63389,0.317689355429,0.0113579181942,0.544067247539,0.99997,mixed
flip7-solo-v1,"unique_number","target_unique=3",200,100000,1000000,1099999,213.69219,103.890203004,11.59004,42.44177,38.38048,0.23375242881,9.92231260634e-05,0.660988227823,1,target_score
flip7-solo-v1,"unique_number","target_unique=4",200,100000,1000000,1099999,217.74576,179.120402022,11.89649,49.87793,48.78829,0.392615805166,0.000271508655074,0.47618499238,0.99867,mixed
flip7-solo-v1,"hybrid","target_score=23;target_unique=3",200,100000,1000000,1099999,212.37271,70.1289372559,11.7255,41.58921,36.92703,0.2065012153,9.5518314784e-05,0.693362329965,1,target_score
flip7-solo-v1,"hybrid","target_score=23;target_unique=4",200,100000,1000000,1099999,213.31277,75.7607049271,11.35005,42.13522,38.35404,0.241696732614,0.000144492755539,0.650775987771,1,target_score
flip7-solo-v1,"hybrid","target_score=23;target_unique=5",200,100000,1000000,1099999,213.47675,76.7952394375,11.30811,42.19503,38.51279,0.24567589102,0.000306859413288,0.64574009273,1,target_score
flip7-solo-v1,"hybrid","target_score=23;target_unique=6",200,100000,1000000,1099999,213.48206,76.8984981564,11.3051,42.19591,38.51882,0.245887254425,0.000329055028262,0.645459129066,1,target_score
flip7-solo-v1,"hybrid","target_score=23;target_unique=7",200,100000,1000000,1099999,213.48256,76.9048558464,11.30483,42.19492,38.51824,0.245890473364,0.000354715639244,0.645431200646,1,target_score
flip7-solo-v1,"hybrid","target_score=24;target_unique=3",200,100000,1000000,1099999,212.58357,72.8069360551,11.72199,41.98127,37.50508,0.216172339338,9.81062089287e-05,0.68217000697,1,target_score
flip7-solo-v1,"hybrid","target_score=24;target_unique=4",200,100000,1000000,1099999,213.81724,82.0636387824,11.32967,42.82426,39.39502,0.260386224842,0.000169466542274,0.628988311222,1,target_score
flip7-solo-v1,"hybrid","target_score=24;target_unique=5",200,100000,1000000,1099999,213.94374,84.0124748124,11.27611,42.90833,39.61271,0.266010175495,0.000363600567926,0.621966263188,1,target_score
flip7-solo-v1,"hybrid","target_score=24;target_unique=6",200,100000,1000000,1099999,213.94526,84.2879235324,11.27258,42.91199,39.62445,0.266369367084,0.000400972980453,0.621498361511,1,target_score
flip7-solo-v1,"hybrid","target_score=24;target_unique=7",200,100000,1000000,1099999,213.94518,84.3030547676,11.27209,42.91024,39.62345,0.266376510479,0.000443573463306,0.621445534945,1,target_score
flip7-solo-v1,"hybrid","target_score=25;target_unique=3",200,100000,1000000,1099999,212.69642,74.8364391836,11.6807,41.9729,37.56221,0.218439819531,9.67407775219e-05,0.679444725059,1,target_score
flip7-solo-v1,"hybrid","target_score=25;target_unique=4",200,100000,1000000,1099999,213.98099,86.2739686199,11.27805,43.15043,39.97547,0.27285035977,0.000179108977172,0.614319851393,1,target_score
flip7-solo-v1,"hybrid","target_score=25;target_unique=5",200,100000,1000000,1099999,214.09545,87.8160392975,11.21626,43.29169,40.29141,0.280757578729,0.000439540452878,0.604663229989,1,target_score
flip7-solo-v1,"hybrid","target_score=25;target_unique=6",200,100000,1000000,1099999,214.10278,88.0512162716,11.21141,43.30031,40.31216,0.281312520013,0.000492355555635,0.603969527472,1,target_score
flip7-solo-v1,"hybrid","target_score=25;target_unique=7",200,100000,1000000,1099999,214.10261,88.0708211879,11.21075,43.29776,40.31103,0.28133621747,0.000562852619138,0.603866824254,1,target_score
flip7-solo-v1,"hybrid","target_score=26;target_unique=3",200,100000,1000000,1099999,212.76763,75.8636941831,11.67214,42.04867,37.68169,0.220476279414,9.76684652514e-05,0.677059219646,1,target_score
flip7-solo-v1,"hybrid","target_score=26;target_unique=4",200,100000,1000000,1099999,214.23591,88.7570164719,11.27441,43.64584,40.70358,0.285672598389,0.000183601625274,0.599580820637,1,target_score
flip7-solo-v1,"hybrid","target_score=26;target_unique=5",200,100000,1000000,1099999,214.50893,89.3829002551,11.21804,43.90676,41.19083,0.29651882147,0.00053217852673,0.586366245797,1,target_score
flip7-solo-v1,"hybrid","target_score=26;target_unique=6",200,100000,1000000,1099999,214.53858,89.5307715836,11.21207,43.92343,41.22522,0.297343844625,0.000604705464736,0.585350430384,1,target_score
flip7-solo-v1,"hybrid","target_score=26;target_unique=7",200,100000,1000000,1099999,214.54231,89.5803898639,11.2111,43.91974,41.22381,0.297374923067,0.000718930345818,0.585195921899,1,target_score
flip7-solo-v1,"hybrid","target_score=27;target_unique=3",200,100000,1000000,1099999,212.84827,77.5506080071,11.65218,42.07198,37.74985,0.222121525757,9.61193527735e-05,0.675041065277,1,target_score
flip7-solo-v1,"hybrid","target_score=27;target_unique=4",200,100000,1000000,1099999,214.62585,92.0823617775,11.28835,44.17388,41.46031,0.298426253615,0.000192233585954,0.584848981472,1,target_score
flip7-solo-v1,"hybrid","target_score=27;target_unique=5",200,100000,1000000,1099999,215.26387,94.2858226231,11.25062,44.64042,42.21664,0.312972973934,0.000619521413042,0.567197185577,1,target_score
flip7-solo-v1,"hybrid","target_score=27;target_unique=6",200,100000,1000000,1099999,215.33506,94.6294347964,11.24674,44.67987,42.28224,0.314281293957,0.000709538941951,0.565561220407,1,target_score
flip7-solo-v1,"hybrid","target_score=27;target_unique=7",200,100000,1000000,1099999,215.34207,94.6617781151,11.24518,44.67426,42.27988,0.314326671516,0.000884823542175,0.565331991129,1,target_score
flip7-solo-v1,"hybrid","target_score=28;target_unique=3",200,100000,1000000,1099999,212.90604,78.3516515184,11.64895,42.145,37.85808,0.223796994579,9.18537722284e-05,0.673051219209,1,target_score
flip7-solo-v1,"hybrid","target_score=28;target_unique=4",200,100000,1000000,1099999,215.06837,95.9583355431,11.34992,44.89055,42.41515,0.312508810635,0.000202644600138,0.568544095465,0.99999,mixed
flip7-solo-v1,"hybrid","target_score=28;target_unique=5",200,100000,1000000,1099999,215.86568,102.782598138,11.3207,45.54679,43.44056,0.331271034477,0.000726986847103,0.545831088184,0.99999,mixed
flip7-solo-v1,"hybrid","target_score=28;target_unique=6",200,100000,1000000,1099999,215.94112,104.134373146,11.3182,45.61046,43.54108,0.333195207719,0.000844657277659,0.543478645014,0.99998,mixed
flip7-solo-v1,"hybrid","target_score=28;target_unique=7",200,100000,1000000,1099999,215.94856,104.218413926,11.31609,45.60252,43.53816,0.333280311486,0.001117877288,0.543096599621,0.99998,mixed
